{
	"partitions" : [
		{
			"name" : "Top",
			"pins" : [
				{
					"name" : "quationt[0]",
					"strict" : false
				},
				{
					"name" : "quationt[1]",
					"strict" : false
				},
				{
					"name" : "quationt[2]",
					"strict" : false
				},
				{
					"name" : "quationt[3]",
					"strict" : false
				},
				{
					"name" : "quationt[4]",
					"strict" : false
				},
				{
					"name" : "quationt[5]",
					"strict" : false
				},
				{
					"name" : "quationt[6]",
					"strict" : false
				},
				{
					"name" : "quationt[7]",
					"strict" : false
				},
				{
					"name" : "remainder[0]",
					"strict" : false
				},
				{
					"name" : "remainder[1]",
					"strict" : false
				},
				{
					"name" : "remainder[2]",
					"strict" : false
				},
				{
					"name" : "remainder[3]",
					"strict" : false
				},
				{
					"name" : "remainder[4]",
					"strict" : false
				},
				{
					"name" : "remainder[5]",
					"strict" : false
				},
				{
					"name" : "remainder[6]",
					"strict" : false
				},
				{
					"name" : "remainder[7]",
					"strict" : false
				},
				{
					"name" : "READY",
					"strict" : false
				},
				{
					"name" : "clk",
					"strict" : false
				},
				{
					"name" : "Dividend_bus[0]",
					"strict" : false
				},
				{
					"name" : "rst",
					"strict" : false
				},
				{
					"name" : "Dividend_bus[1]",
					"strict" : false
				},
				{
					"name" : "Dividend_bus[2]",
					"strict" : false
				},
				{
					"name" : "Dividend_bus[3]",
					"strict" : false
				},
				{
					"name" : "Dividend_bus[4]",
					"strict" : false
				},
				{
					"name" : "Dividend_bus[5]",
					"strict" : false
				},
				{
					"name" : "Dividend_bus[6]",
					"strict" : false
				},
				{
					"name" : "Dividend_bus[7]",
					"strict" : false
				},
				{
					"name" : "START",
					"strict" : false
				},
				{
					"name" : "Divisor_bus[7]",
					"strict" : false
				},
				{
					"name" : "Divisor_bus[6]",
					"strict" : false
				},
				{
					"name" : "Divisor_bus[5]",
					"strict" : false
				},
				{
					"name" : "Divisor_bus[4]",
					"strict" : false
				},
				{
					"name" : "Divisor_bus[3]",
					"strict" : false
				},
				{
					"name" : "Divisor_bus[2]",
					"strict" : false
				},
				{
					"name" : "Divisor_bus[1]",
					"strict" : false
				},
				{
					"name" : "Divisor_bus[0]",
					"strict" : false
				}
			]
		}
	]
}